编号,歌名,歌手,语言,曲风,点歌类型,备注
001,淘汰,陈奕迅,中文,R&B / 灵魂流行,免费,已核对
002,十年,陈奕迅,中文,华语抒情流行,免费,已核对
003,雨爱,杨丞琳,中文,华语抒情流行,免费,已核对
004,命运,家家,中文,华语抒情流行,免费,已核对
005,遇见,孙燕姿,中文,华语抒情流行,免费,已核对
006,泡沫,邓紫棋,中文,华语抒情流行,免费,已核对
007,她说,林俊杰,中文,华语抒情流行,免费,已核对
008,江南,林俊杰,中文,华语抒情流行,免费,已核对
009,流沙,陶喆,中文,R&B / 灵魂流行,免费,已核对
010,天天,陶喆,中文,R&B / 灵魂流行,免费,已核对
011,虚拟,陈粒,中文,独立流行 / 民谣,免费,已核对
012,倒数,邓紫棋,中文,舞曲 / 流行,免费,已核对
013,曹操,林俊杰,中文,流行摇滚,免费,已核对
014,当你,林俊杰,中文,华语抒情流行,免费,已核对
015,蝴蝶泉边,黄雅莉,中文,华语抒情流行,免费,已核对
016,天真,弦子,中文,华语抒情流行,免费,已核对
017,小半,陈粒,中文,独立流行 / 民谣,免费,已核对
018,逆光,孙燕姿,中文,华语抒情流行,免费,已核对
019,戒烟,李荣浩,中文,华语抒情流行,免费,已核对
020,心墙,郭静,中文,华语抒情流行,免费,已核对
021,慢冷,梁静茹,中文,华语抒情流行,免费,已核对
022,再见,张震岳,中文,华语抒情流行,免费,已核对
023,拾忆,张翰,中文,华语抒情流行,免费,已核对
024,可乐,赵紫骅,中文,华语抒情流行,免费,已核对
025,绿光,孙燕姿,中文,舞曲 / 流行,免费,已核对
026,红豆,王菲,中文,华语抒情流行,免费,已核对
027,遗憾,许美静,中文,华语抒情流行,免费,已核对
028,左边,杨丞琳,中文,华语抒情流行,免费,已核对
029,人间,王菲,中文,华语抒情流行,免费,已核对
030,走马,陈粒,中文,独立流行 / 民谣,免费,已核对
031,天后,陈势安,中文,华语抒情流行,免费,已核对
032,靠近,张惠妹,中文,华语抒情流行,免费,已核对
033,小宇,张震岳,中文,华语抒情流行,免费,已核对
034,搁浅,周杰伦,中文,华语抒情流行,免费,已核对
035,传奇,王菲,中文,华语抒情流行,免费,已核对
036,记得,张惠妹,中文,华语抒情流行,免费,已核对
037,泪桥,伍佰,中文,流行摇滚,免费,已核对
038,彩虹,周杰伦,中文,华语抒情流行,免费,已核对
039,如愿,王菲,中文,华语抒情流行,免费,已核对
040,演员,薛之谦,中文,华语抒情流行,免费,已核对
041,崇拜,梁静茹,中文,华语抒情流行,免费,已核对
042,暧昧,杨丞琳,中文,华语抒情流行,免费,已核对
043,勇气,梁静茹,中文,华语抒情流行,免费,已核对
044,意外,薛之谦,中文,华语抒情流行,免费,已核对
045,光亮,周深,中文,华语抒情流行,免费,已核对
046,安静,周杰伦,中文,华语抒情流行,免费,已核对
047,爱你,王心凌,中文,舞曲 / 流行,免费,已核对
048,情歌,梁静茹,中文,华语抒情流行,免费,已核对
049,偏爱,张芸京,中文,华语抒情流行,免费,已核对
050,晚婚,江蕙,中文,华语抒情流行,免费,已核对
051,花海,周杰伦,中文,华语抒情流行,免费,已核对
052,小小,容祖儿,中文,华语抒情流行,免费,已核对
053,洋葱,杨宗纬,中文,华语抒情流行,免费,已核对
054,暖暖,梁静茹,中文,华语抒情流行,免费,已核对
055,其实,薛之谦,中文,华语抒情流行,免费,已核对
056,爱错,王力宏,中文,R&B / 灵魂流行,免费,已核对
057,稻香,周杰伦,中文,华语抒情流行,免费,已核对
058,咸鱼,五月天,中文,流行摇滚,免费,已核对
059,后来,刘若英,中文,华语抒情流行,免费,已核对
060,灯塔,黄绮珊,中文,华语抒情流行,免费,已核对
061,野子,苏运莹,中文,独立流行 / 民谣,免费,已核对
062,房间,刘瑞琦,中文,独立流行 / 民谣,免费,已核对
063,知足,五月天,中文,流行摇滚,免费,已核对
064,夜车,曾轶可,中文,独立流行 / 民谣,免费,已核对
065,晴天,周杰伦,中文,华语抒情流行,免费,已核对
066,错过,梁咏琪,中文,华语抒情流行,免费,已核对
067,红玫瑰,陈奕迅,中文,R&B / 灵魂流行,免费,已核对
068,有点甜,汪苏泷 / BY2,中文,舞曲 / 流行,免费,已核对
069,爱存在,魏奇奇,中文,华语抒情流行,免费,已核对
070,青花瓷,周杰伦,中文,华语抒情流行,免费,已核对
071,甜甜的,周杰伦,中文,舞曲 / 流行,免费,已核对
072,我爱他,丁当,中文,华语抒情流行,免费,已核对
073,可以了,陈奕迅,中文,华语抒情流行,免费,已核对
074,左转灯,张宇,中文,华语抒情流行,免费,已核对
075,同花顺,林倛玉,中文,华语抒情流行,免费,已核对
076,空白格,蔡健雅,中文,华语抒情流行,免费,已核对
077,说爱你,蔡依林,中文,华语抒情流行,免费,已核对
078,梦一场,那英,中文,华语抒情流行,免费,已核对
079,美人鱼,林俊杰,中文,华语抒情流行,免费,已核对
080,我自己,张靓颖,中文,华语抒情流行,免费,已核对
081,关键词,林俊杰,中文,华语抒情流行,免费,已核对
082,年轮说,杨丞琳,中文,华语抒情流行,免费,已核对
083,园游会,周杰伦,中文,华语抒情流行,免费,已核对
084,向云端,小霞,中文,独立流行 / 民谣,免费,已核对
085,学不会,林俊杰,中文,华语抒情流行,免费,已核对
086,喜欢你,陈洁仪,中文,华语抒情流行,免费,已核对
087,丑八怪,薛之谦,中文,华语抒情流行,免费,已核对
088,带我走,杨丞琳,中文,华语抒情流行,免费,已核对
089,日不落,蔡依林,中文,舞曲 / 流行,免费,已核对
090,七里香,周杰伦,中文,华语抒情流行,免费,已核对
091,天黑黑,孙燕姿,中文,华语抒情流行,免费,已核对
092,小酒窝,林俊杰 / 蔡卓妍,中文,舞曲 / 流行,免费,已核对
093,月牙湾,飞儿乐团,中文,华语抒情流行,免费,已核对
094,我怀念的,孙燕姿,中文,华语抒情流行,免费,已核对
095,爱我别走,张震岳,中文,华语抒情流行,免费,已核对
096,告白气球,周杰伦,中文,华语抒情流行,免费,已核对
097,一路向北,周杰伦,中文,流行摇滚,免费,已核对
098,光年之外,邓紫棋,中文,华语抒情流行,免费,已核对
099,Lydia,飞儿乐团,中文,华语抒情流行,免费,已核对
100,Perfect,Ed Sheeran,英文,英文流行,免费,已核对
101,Wonderful U,AGA,英文,舞曲 / 流行,免费,已核对
102,Legends Never Die,Against The Current,英文,英文流行,免费,已核对
103,画,邓紫棋,中文,华语流行,免费,主流版本匹配
104,谁,廖俊涛,中文,华语流行,免费,主流版本匹配
105,光,陈粒,中文,独立流行,免费,主流版本匹配
106,默,那英,中文,华语抒情流行,免费,主流版本匹配
107,莽,,,,免费,图片识别，待核对
108,我,,,,免费,图片识别，待核对
109,扁舟,,,,免费,图片识别，待核对
110,柳暗,,,,免费,图片识别，待核对
111,仰望,杨丞琳,中文,华语流行,免费,主流版本匹配
112,心如,刘惜君,中文,华语抒情流行,免费,主流版本匹配
113,小霞,小霞,中文,华语流行,免费,主流版本匹配
114,人是,丁当,中文,华语流行,免费,主流版本匹配
115,三等奖,陈粒,中文,独立流行,免费,主流版本匹配
116,大笨钟,周杰伦,中文,华语流行,免费,主流版本匹配
117,我爱你,S.H.E,中文,华语流行,免费,主流版本匹配
118,醉赤壁,林俊杰,中文,华语流行,免费,主流版本匹配
119,龙卷风,周杰伦,中文,华语R&B,免费,主流版本匹配
120,救赎歌,,,,免费,图片识别，待核对
121,发如雪,,,,免费,图片识别，待核对
122,安和桥,,,,免费,图片识别，待核对
123,来不及,戴佩妮,中文,华语抒情流行,免费,主流版本匹配
124,他不懂,张杰,中文,华语抒情流行,免费,主流版本匹配
125,第一天,孙燕姿,中文,华语流行,免费,主流版本匹配
126,我们俩,郭顶,中文,华语流行,免费,主流版本匹配
127,明明就,周杰伦,中文,华语流行,免费,主流版本匹配
128,猜不透,丁当,中文,华语抒情流行,免费,主流版本匹配
129,胡广生,任素汐,中文,民谣流行,免费,主流版本匹配
130,不将就,李荣浩,中文,华语抒情流行,免费,主流版本匹配
131,小美满,周深,中文,华语流行,免费,主流版本匹配
132,简单爱,周杰伦,中文,华语流行,免费,主流版本匹配
133,梦里花,张韶涵,中文,华语流行,免费,主流版本匹配
134,心之火,飞儿乐团 / 彭佳慧,中文,华语流行,免费,主流版本匹配
135,明天过后,张杰,中文,华语抒情流行,免费,主流版本匹配
136,开始懂了,孙燕姿,中文,华语抒情流行,免费,主流版本匹配
137,认真的雪,薛之谦,中文,华语抒情流行,免费,主流版本匹配
138,此生不换,青鸟飞鱼,中文,古风流行,免费,主流版本匹配
139,不要说话,陈奕迅,中文,华语抒情流行,免费,主流版本匹配
140,勿忘心安,张杰,中文,华语流行,免费,主流版本匹配
141,年少有为,李荣浩,中文,华语抒情流行,免费,主流版本匹配
142,忘记拥抱,潘玮柏,中文,华语流行,免费,主流版本匹配
143,孤单心事,蓝又时,中文,华语抒情流行,免费,主流版本匹配
144,星辰大海,黄霄云,中文,华语流行,免费,主流版本匹配
145,好久不见,陈奕迅,中文,华语抒情流行,免费,主流版本匹配
146,一笑倾城,汪苏泷,中文,华语流行,免费,主流版本匹配
147,就是爱你,陶喆,中文,华语R&B,免费,主流版本匹配
148,身骑白马,徐佳莹,中文,华语流行,免费,主流版本匹配
149,说散就散,袁娅维,中文,华语流行,免费,主流版本匹配
150,改变自己,王力宏,中文,华语流行,免费,主流版本匹配
151,阴天快乐,陈奕迅,中文,华语抒情流行,免费,主流版本匹配
152,乌梅子酱,李荣浩,中文,华语流行,免费,主流版本匹配
153,忽然之间,莫文蔚,中文,华语抒情流行,免费,主流版本匹配
154,飞云之下,韩红 / 林俊杰,中文,华语流行,免费,主流版本匹配
155,K歌之王,陈奕迅,中文,华语流行,免费,主流版本匹配
156,行走的鱼,徐佳莹 / 毛不易,中文,华语流行,免费,主流版本匹配
157,我的秘密,邓紫棋,中文,华语流行,免费,主流版本匹配
158,连名带姓,张惠妹,中文,华语抒情流行,免费,主流版本匹配
159,方圆几里,薛之谦,中文,华语抒情流行,免费,主流版本匹配
160,落叶归根,王力宏,中文,华语流行,免费,主流版本匹配
161,像你爱情,,,,免费,图片识别，待核对
162,普通朋友,陶喆,中文,华语R&B,免费,主流版本匹配
163,拉过勾的,陆虎,中文,华语流行,免费,主流版本匹配
164,匆匆那年,王菲,中文,华语抒情流行,免费,主流版本匹配
165,交换余生,林俊杰,中文,华语流行,免费,主流版本匹配
166,爱如潮水,张信哲,中文,华语抒情流行,免费,主流版本匹配
167,红尘客栈,周杰伦,中文,中国风流行,免费,主流版本匹配
168,依然爱你,王力宏,中文,华语抒情流行,免费,主流版本匹配
169,夏天的风,温岚,中文,华语流行,免费,主流版本匹配
170,岁月神偷,金玟岐,中文,民谣流行,免费,主流版本匹配
171,说好不哭,周杰伦 / 五月天阿信,中文,华语流行,免费,主流版本匹配
172,呼吸决定,Fine乐团,中文,独立流行,免费,主流版本匹配
173,他不爱我,莫文蔚,中文,华语抒情流行,免费,主流版本匹配
174,想你的夜,关喆,中文,华语抒情流行,免费,主流版本匹配
175,最后一页,江语晨,中文,华语流行,免费,主流版本匹配
176,你啊你啊,魏如萱,中文,独立流行,免费,主流版本匹配
177,半岛铁盒,周杰伦,中文,华语流行,免费,主流版本匹配
178,探清水河,张云雷,中文,民谣,免费,主流版本匹配
179,词不达意,林忆莲,中文,华语抒情流行,免费,主流版本匹配
180,那么骄傲,金海心,中文,华语抒情流行,免费,主流版本匹配
181,路过人间,郁可唯,中文,华语抒情流行,免费,主流版本匹配
182,我的美丽,孙燕姿,中文,华语流行,免费,主流版本匹配
183,爱情废柴,周杰伦,中文,华语流行,免费,主流版本匹配
184,云烟成雨,房东的猫,中文,民谣流行,免费,主流版本匹配
185,光的方向,张碧晨,中文,华语流行,免费,主流版本匹配
186,时间煮雨,郁可唯,中文,华语流行,免费,主流版本匹配
187,生活倒影,苏打绿,中文,华语流行,免费,主流版本匹配
188,孤独患者,陈奕迅,中文,华语流行,免费,主流版本匹配
189,我想起她,薛之谦,中文,华语抒情流行,免费,主流版本匹配
190,爱很简单,陶喆,中文,华语R&B,免费,主流版本匹配
191,到此为止,连诗雅,中文,粤语流行,免费,主流版本匹配
192,天外来物,薛之谦,中文,华语流行,免费,主流版本匹配
193,爱情转移,陈奕迅,中文,华语抒情流行,免费,主流版本匹配
194,这就是爱,张杰,中文,华语流行,免费,主流版本匹配
195,国王与乞丐,华晨宇 / 杨宗纬,中文,华语流行,免费,主流版本匹配
196,背对背拥抱,林俊杰,中文,华语流行,免费,主流版本匹配
197,易燃易爆炸,陈粒,中文,独立流行,免费,主流版本匹配
198,爱就一个字,张信哲,中文,华语流行,免费,主流版本匹配
199,我们的明天,鹿晗,中文,华语流行,免费,主流版本匹配
200,可惜没如果,林俊杰,中文,华语抒情流行,免费,主流版本匹配
201,最美的太阳,张杰,中文,华语流行,免费,主流版本匹配
202,一直很安静,阿桑,中文,华语抒情流行,免费,主流版本匹配
203,贝加尔湖畔,李健,中文,民谣流行,免费,主流版本匹配
204,爱笑的眼睛,徐若瑄,中文,华语流行,免费,主流版本匹配
205,奇妙能力歌,陈粒,中文,独立流行,免费,主流版本匹配
206,何必在一起,张杰,中文,华语流行,免费,主流版本匹配
207,梨花又开放,周峰,中文,民谣,免费,主流版本匹配
208,黑夜白天,许飞,中文,华语流行,免费,主流版本匹配
209,你把我灌醉,黄大炜,中文,华语抒情流行,免费,主流版本匹配
210,会呼吸的痛,梁静茹,中文,华语抒情流行,免费,主流版本匹配
211,一千年以后,林俊杰,中文,华语流行,免费,主流版本匹配
212,一万次悲伤,逃跑计划,中文,摇滚,免费,主流版本匹配
213,手写的从前,周杰伦,中文,华语流行,免费,主流版本匹配
214,我们都一样,张杰,中文,华语流行,免费,主流版本匹配
215,红色高跟鞋,蔡健雅,中文,华语流行,免费,主流版本匹配
216,盛夏的果实,莫文蔚,中文,华语抒情流行,免费,主流版本匹配
217,外面的世界,齐秦,中文,华语流行,免费,主流版本匹配
218,乌兰巴托的夜,谭维维,中文,民谣,免费,主流版本匹配
219,说好的幸福呢,周杰伦,中文,华语流行,免费,主流版本匹配
220,不能说的秘密,周杰伦,中文,华语流行,免费,主流版本匹配
221,有可能的夜晚,曾轶可,中文,独立流行,免费,主流版本匹配
222,情深深雨蒙蒙,赵薇,中文,影视原声,免费,主流版本匹配
223,来自天堂的魔鬼,邓紫棋,中文,华语流行,免费,主流版本匹配
224,不要忘记我爱你,张碧晨,中文,华语流行,免费,主流版本匹配
225,不分手的恋爱,汪苏泷,中文,华语流行,免费,主流版本匹配
226,这世界那么多人,莫文蔚,中文,华语抒情流行,免费,主流版本匹配
227,开往早晨的午夜,张碧晨,中文,华语流行,免费,主流版本匹配
228,看月亮爬上来,张杰,中文,华语流行,免费,主流版本匹配
229,你不是真正的快乐,五月天,中文,流行摇滚,免费,主流版本匹配
230,蒲公英的约定,周杰伦,中文,华语流行,免费,主流版本匹配
231,将故事写成我们,林俊杰,中文,华语流行,免费,主流版本匹配
232,给电影人的情书,蔡琴,中文,华语抒情流行,免费,主流版本匹配
233,漂洋过海来看你,娃娃,中文,华语抒情流行,免费,主流版本匹配
234,雪落下的声音,陆虎,中文,影视原声,免费,主流版本匹配
235,烛火里的尘埃,曲婉婷,中文,华语流行,免费,主流版本匹配
236,爱的飞行日记,周杰伦 / 杨瑞代,中文,华语流行,免费,主流版本匹配
237,不为谁而作的歌,林俊杰,中文,华语流行,免费,主流版本匹配
238,第几个一百天,林俊杰,中文,华语流行,免费,主流版本匹配
239,白天不懂夜的黑,那英,中文,华语抒情流行,免费,主流版本匹配
240,昨夜小楼又东风,费玉清,中文,华语流行,免费,主流版本匹配
241,永不失联的爱,周兴哲,中文,华语流行,免费,主流版本匹配
242,思念是一种病,张震岳,中文,华语流行,免费,主流版本匹配
243,撬开世界的门,新裤子,中文,摇滚,免费,主流版本匹配
244,像你这样的朋友,陈奕迅,中文,华语流行,免费,主流版本匹配
245,为你我受冷风吹,林忆莲,中文,华语抒情流行,免费,主流版本匹配
246,陪你度过漫长岁月,陈奕迅,中文,华语抒情流行,免费,主流版本匹配
247,那些你很冒险的梦,林俊杰,中文,华语流行,免费,主流版本匹配
248,在加纳共和国离婚,菲道尔,中文,华语流行,免费,主流版本匹配
249,就让这大雨全都落下,汪苏泷,中文,华语流行,免费,主流版本匹配
250,输了你赢了世界又如何,优客李林,中文,华语流行,免费,主流版本匹配
251,你不是一个人,张信哲,中文,华语流行,免费,主流版本匹配
252,好像爱这个世界啊,华晨宇,中文,华语流行,免费,主流版本匹配
253,亲爱的那不是爱情,张韶涵,中文,华语流行,免费,主流版本匹配
254,给我一个理由忘记,A-Lin,中文,华语抒情流行,免费,主流版本匹配
255,等我一首歌的时间,苏打绿,中文,华语流行,免费,主流版本匹配
256,Letting Go,蔡健雅,英文,英文流行,免费,主流版本匹配
257,What Says,Jason Derulo,英文,英文流行,免费,主流版本匹配
258,Last Dance,伍佰,中文,摇滚,免费,主流版本匹配
259,Always On Line,张杰,英文,英文流行,免费,主流版本匹配
260,暗号,周杰伦,中文,中文流行,免费,主流版本匹配
261,骂醒我,周汤豪,中文,华语R&B,免费,网易云截图导入；来源序号 001
262,如约而至,许嵩,中文,影视原声,免费,网易云截图导入；来源序号 002
263,风中奇缘,西单女孩,中文,古风流行,免费,网易云截图导入；来源序号 003
264,April Encounter,很美味,中文,影视原声,免费,网易云截图导入；来源序号 004
265,当爱来临的时候,吴莫愁,中文,影视原声,免费,网易云截图导入；来源序号 005
266,你还怕大雨吗,周柏豪,中文,华语抒情流行,免费,网易云截图导入；来源序号 006
267,深爱,水樹奈々,日语,动漫 / 影视原声,免费,网易云截图导入；来源序号 007
268,クオリア,UVERworld,日语,日语流行,免费,网易云截图导入；来源序号 008
269,繁华唱遍（泠鸢翻唱版）（翻自 乐正绫 调教：纳兰寻风）,泠鸢yousa,中文,古风流行,免费,网易云截图导入；来源序号 009
270,巴拉莱卡,门尼,中文,华语流行,免费,网易云截图导入；来源序号 010
271,飞羽,崔琰/董真,中文,古风流行,免费,网易云截图导入；来源序号 011
272,アムリタ,牧野由依,日语,日语流行,免费,网易云截图导入；来源序号 012
273,月 feat. ヰ世界情緒,Guiano/ヰ世界情緒,日语,日语流行,免费,网易云截图导入；来源序号 013
274,I Love You So,The Walters,英语,独立流行,免费,网易云截图导入；来源序号 014
275,Life Is Like A Boat,Rie fu,日语/英语,日语流行,免费,网易云截图导入；来源序号 015
276,Колыбельная,兰音Reine,俄语,俄语流行,免费,网易云截图导入；来源序号 016
277,扉をあけて,ANZA,日语,日语流行,免费,网易云截图导入；来源序号 017
278,"눈, 코, 입",TAEYANG,韩语,韩语流行,免费,网易云截图导入；来源序号 018
279,给月亮的三行诗,黄丽玲,中文,影视原声,免费,网易云截图导入；来源序号 019
280,黄梅戏,慕容晓晓,中文,华语流行,免费,网易云截图导入；来源序号 020
281,Amazing Grace,Judy Collins,英语,英文抒情,免费,网易云截图导入；来源序号 021
282,僕らの手には何もないけど、,RAM WIRE,日语,日语流行,免费,网易云截图导入；来源序号 022
283,神女劈观·唤情 Devastation and Redemption,HOYO-MiX,中文,影视原声,免费,网易云截图导入；来源序号 023
284,归期,钱润玉,中文,古风流行,免费,网易云截图导入；来源序号 024
285,Far Away From Home,Groove Coverage,英语,电子流行,免费,网易云截图导入；来源序号 025
286,みちしるべ,茅原実里,日语,日语流行,免费,网易云截图导入；来源序号 026
287,不负人间,紫依_七弦剑吟,中文,古风流行,免费,网易云截图导入；来源序号 027
288,烟笼长安,梨上箫,中文,古风流行,免费,网易云截图导入；来源序号 028
289,辞九门回忆,解忧草/冰幽,中文,古风流行,免费,网易云截图导入；来源序号 029
290,吟,刘美麟,中文,华语流行,免费,网易云截图导入；来源序号 030
291,若把你,Kirsty刘瑾睿,中文,华语流行,免费,网易云截图导入；来源序号 033
292,回马枪,张晓棠,中文,华语流行,免费,网易云截图导入；来源序号 034
293,海底,一支榴莲,中文,华语流行,免费,网易云截图导入；来源序号 035
294,武家坡2023（女声版）,张曦匀,中文,华语流行,免费,网易云截图导入；来源序号 036
295,等迷路的人听,龚琳娜,中文,华语流行,免费,网易云截图导入；来源序号 037
296,不要怕 (Live),吉克隽逸,中文,华语流行,免费,网易云截图导入；来源序号 038
297,彩色的黑 (Live),吉克隽逸,中文,华语流行,免费,网易云截图导入；来源序号 039
298,成全,林宥嘉,中文,华语流行,免费,网易云截图导入；来源序号 040
299,和你一样(Live),李宇春,中文,华语流行,免费,网易云截图导入；来源序号 041
300,"下个, 路口, 见",李宇春,中文,华语流行,免费,网易云截图导入；来源序号 042
301,追光者,岑宁儿,中文,影视原声,免费,网易云截图导入；来源序号 043
302,好听,许茹芸,中文,影视原声,免费,网易云截图导入；来源序号 044
303,Simon,丁世光,中文,华语流行,免费,网易云截图导入；来源序号 045
304,我的美丽,小霞,中文,独立流行 / 民谣,免费,网易云截图导入；来源序号 048
305,向云端,小霞/海洋Bo,中文,独立流行 / 民谣,免费,网易云截图导入；来源序号 049
306,虞兮叹,闻人听書_,中文,华语流行,免费,网易云截图导入；来源序号 050
307,漠河舞厅,柳爽,中文,华语流行,免费,网易云截图导入；来源序号 051
308,玫瑰窃贼,柳爽,中文,华语流行,免费,网易云截图导入；来源序号 052
309,落空,印子月,中文,华语流行,免费,网易云截图导入；来源序号 054
310,来不及 (Live),刘瑞琦,中文,独立流行 / 民谣,免费,网易云截图导入；来源序号 055
311,夏天的风 (Live),刘瑞琦,中文,独立流行 / 民谣,免费,网易云截图导入；来源序号 056
312,房间-新版,刘瑞琦,中文,影视原声,免费,网易云截图导入；来源序号 057
313,蘇州河 (慕容雪 - Mandarin Version),薛凯琪,中文,华语流行,免费,网易云截图导入；来源序号 058
314,怎样,戴佩妮,中文,华语抒情流行,免费,网易云截图导入；来源序号 059
315,分身情人,魏晨,中文,影视原声,免费,网易云截图导入；来源序号 060
316,流星雨又来临,魏晨,中文,华语流行,免费,网易云截图导入；来源序号 061
317,慢冷 (Live版),张碧晨/希林娜依高,中文,华语流行,免费,网易云截图导入；来源序号 062
318,三拜红尘凉,尹昔眠,中文,华语流行,免费,网易云截图导入；来源序号 063
319,盗墓笔记·十年人间,李常超 (Lao乾妈),中文,华语流行,免费,网易云截图导入；来源序号 065
320,忘记时间,胡歌,中文,影视原声,免费,网易云截图导入；来源序号 067
321,指纹,胡歌,中文,影视原声,免费,网易云截图导入；来源序号 068
322,你是对的人,戚薇/俊昊,中文/英语,影视原声,免费,网易云截图导入；来源序号 070
323,如果爱忘了,戚薇,中文,影视原声,免费,网易云截图导入；来源序号 071
324,给你们,张宇,中文,华语抒情流行,免费,网易云截图导入；来源序号 072
325,雨一直下,张宇,中文,影视原声,免费,网易云截图导入；来源序号 073
326,不得不爱,潘玮柏/弦子,中文,华语流行,免费,网易云截图导入；来源序号 074
327,梦游,Fine乐团,中文,流行摇滚,免费,网易云截图导入；来源序号 075
328,姗姗,金玟岐,中文,民谣流行,免费,网易云截图导入；来源序号 077
329,凤凰花开的路口,胡夏,中文,华语流行,免费,网易云截图导入；来源序号 079
330,那些年,胡夏,中文,影视原声,免费,网易云截图导入；来源序号 080
331,没那么简单,黄小琥,中文,影视原声,免费,网易云截图导入；来源序号 081
332,孤单北半球,林依晨,中文,影视原声,免费,网易云截图导入；来源序号 082
333,恶作剧,林依晨,中文,华语流行,免费,网易云截图导入；来源序号 083
334,这是我一生中最勇敢的瞬间,棱镜乐队,中文,华语流行,免费,网易云截图导入；来源序号 084
335,克林,棱镜乐队,中文,华语流行,免费,网易云截图导入；来源序号 085
336,总有一天你会出现在我身边,棱镜乐队,中文,华语流行,免费,网易云截图导入；来源序号 086
337,路边的野花不要采,邓丽君,中文,华语流行,免费,网易云截图导入；来源序号 087
338,美酒加咖啡,邓丽君,中文,华语流行,免费,网易云截图导入；来源序号 088
339,在水一方,邓丽君,中文,华语流行,免费,网易云截图导入；来源序号 089
340,月亮代表我的心,邓丽君,中文,华语流行,免费,网易云截图导入；来源序号 090
341,我只在乎你,邓丽君,中文,华语流行,免费,网易云截图导入；来源序号 091
342,一滴泪的时间 (R),赵紫骅,中文,独立流行 / 民谣,免费,网易云截图导入；来源序号 093
343,童话,光良,中文,影视原声,免费,网易云截图导入；来源序号 094
344,最美的期待,周笔畅,中文,影视原声,免费,网易云截图导入；来源序号 095
345,那些花儿,朴树,中文,影视原声,免费,网易云截图导入；来源序号 096
346,平凡之路,朴树,中文,影视原声,免费,网易云截图导入；来源序号 097
347,在你的身边,盛哲,中文,华语流行,免费,网易云截图导入；来源序号 098
348,夜空中最亮的星,逃跑计划,中文,流行摇滚,免费,网易云截图导入；来源序号 100
349,New Boy,房东的猫/陈婧霏,中文,独立流行 / 民谣,免费,网易云截图导入；来源序号 103
350,交给时间斑驳,供销社乐队,中文,华语流行,免费,网易云截图导入；来源序号 105
351,敕勒歌 (Live),谭维维,中文,民谣,免费,网易云截图导入；来源序号 106
352,如果有来生,谭维维,中文,民谣,免费,网易云截图导入；来源序号 108
353,晚婚 (Live),谭维维,中文,民谣,免费,网易云截图导入；来源序号 109
354,无与伦比的美丽 (苏打绿版),苏打绿,中文,流行摇滚,免费,网易云截图导入；来源序号 110
355,小情歌 (苏打绿版),苏打绿,中文,流行摇滚,免费,网易云截图导入；来源序号 111
356,我好想你 (苏打绿版),苏打绿,中文,流行摇滚,免费,网易云截图导入；来源序号 112
357,声声慢,双笙（陈元汐）/封茗囧菌,中文,古风流行,免费,网易云截图导入；来源序号 113
358,故梦（Cover 橙翼）,双笙（陈元汐）,中文,古风流行,免费,网易云截图导入；来源序号 114
359,我的一个道姑朋友,双笙（陈元汐）,中文,古风流行,免费,网易云截图导入；来源序号 115
360,盛夏的告别,袁娅维TIA RAY,中文,影视原声,免费,网易云截图导入；来源序号 116
361,阿楚姑娘,袁娅维TIA RAY,中文,华语R&B,免费,网易云截图导入；来源序号 117
362,Jar Of Love,曲婉婷,英语,英文流行,免费,网易云截图导入；来源序号 119
363,没有什么不同,曲婉婷,中文,华语流行,免费,网易云截图导入；来源序号 120
364,最好的安排,曲婉婷,中文,华语流行,免费,网易云截图导入；来源序号 121
365,我的歌声里,曲婉婷,中文,华语流行,免费,网易云截图导入；来源序号 122
366,冬眠,司南,中文,华语流行,免费,网易云截图导入；来源序号 123
367,我的天空 (Live),南征北战NZBZ,中文,影视原声,免费,网易云截图导入；来源序号 124
368,Dear D (亲爱的告诉你),项睿娴,中文,华语流行,免费,网易云截图导入；来源序号 125
369,可不可以,张紫豪,中文,华语流行,免费,网易云截图导入；来源序号 126
370,第57次取消发送,菲菲公主（陆绮菲）,中文,华语流行,免费,网易云截图导入；来源序号 127
371,好像掉进爱情海里 (独唱版),Rosy赵露思,中文,影视原声,免费,网易云截图导入；来源序号 129
372,有你在,Rosy赵露思,中文,华语流行,免费,网易云截图导入；来源序号 130
373,喜欢两个人,彭佳慧,中文,华语流行,免费,网易云截图导入；来源序号 131
374,月 (EMOTIF情绪推广曲),郁可唯,中文,华语抒情流行,免费,网易云截图导入；来源序号 133
375,绒花,韩红,中文,影视原声,免费,网易云截图导入；来源序号 135
376,梨花又开放 (Live),韩红,中文,华语流行,免费,网易云截图导入；来源序号 136
377,珊瑚颂,韩红,中文,华语流行,免费,网易云截图导入；来源序号 137
378,映山红,韩红,中文,华语流行,免费,网易云截图导入；来源序号 138
379,送你一朵小红花 (live),韩红/黄绮珊/王心凌/谭维维/郁可唯/额尔古纳乐队,中文,舞曲 / 流行,免费,网易云截图导入；来源序号 139
380,路过我耳朵的忧伤,苏运莹,中文,独立流行 / 民谣,免费,网易云截图导入；来源序号 140
381,知足 (Live),苏运莹,中文,独立流行 / 民谣,免费,网易云截图导入；来源序号 141
382,生活倒影,苏运莹,中文,影视原声,免费,网易云截图导入；来源序号 143
383,我,苏运莹,中文,独立流行 / 民谣,免费,网易云截图导入；来源序号 144
384,很久很久,杨和苏KeyNG,中文,华语流行,免费,网易云截图导入；来源序号 145
385,莫问归期,蒋雪儿Snow.J/七叔-叶泽浩,中文,古风流行,免费,网易云截图导入；来源序号 146
386,半边山半边海,王铮亮/陈楚生,中文,华语流行,免费,网易云截图导入；来源序号 147
387,三国恋2022,Tank/F.I.R.,中文,流行摇滚,免费,网易云截图导入；来源序号 148
388,你的微笑,F.I.R.,中文,流行摇滚,免费,网易云截图导入；来源序号 150
389,千年之恋,F.I.R.,中文,流行摇滚,免费,网易云截图导入；来源序号 151
390,我们的爱,F.I.R.,中文,流行摇滚,免费,网易云截图导入；来源序号 152
391,夏洛特烦恼,金志文,中文,影视原声,免费,网易云截图导入；来源序号 155
392,肩上蝶 (Live版),金志文/陈冰,中文,华语流行,免费,网易云截图导入；来源序号 156
393,Faded,Alan Walker,英语,电子流行,免费,网易云截图导入；来源序号 157
394,春不晚 (Live合唱版),郑浩Z-Hao/冰洁,中文,华语流行,免费,网易云截图导入；来源序号 158
395,阿飞的小蝴蝶,萧敬腾,中文,华语流行,免费,网易云截图导入；来源序号 159
396,海芋恋,萧敬腾,中文,华语流行,免费,网易云截图导入；来源序号 160
397,王妃,萧敬腾,中文,华语流行,免费,网易云截图导入；来源序号 161
398,怎么说我不爱你,萧敬腾,中文,华语流行,免费,网易云截图导入；来源序号 162
399,与我无关,阿冗,中文,华语流行,免费,网易云截图导入；来源序号 163
400,独家记忆,陈小春,中文,华语流行,免费,网易云截图导入；来源序号 165
401,最初的梦想,范玮琪,中文,华语流行,免费,网易云截图导入；来源序号 166
402,一个像夏天一个像秋天,范玮琪,中文,华语流行,免费,网易云截图导入；来源序号 167
403,西厢寻他,伯爵Johnny/唐伯虎Annie,中文,华语流行,免费,网易云截图导入；来源序号 170
404,盗将行,花粥/马雨阳,中文,独立流行 / 民谣,免费,网易云截图导入；来源序号 171
405,出山,花粥/王胜娚,中文,独立流行 / 民谣,免费,网易云截图导入；来源序号 172
406,伯虎说 (feat.唐伯虎Annie),伯爵Johnny/唐伯虎Annie,中文,华语流行,免费,网易云截图导入；来源序号 173
407,探清水河,黄诗扶,中文,古风流行,免费,网易云截图导入；来源序号 174
408,九万字,黄诗扶,中文,古风流行,免费,网易云截图导入；来源序号 175
409,白羊,徐秉龙/沈以诚,中文,独立流行 / 民谣,免费,网易云截图导入；来源序号 176
410,形容,沈以诚,中文,独立流行 / 民谣,免费,网易云截图导入；来源序号 177
411,为你我受冷风吹,茜拉,中文,华语抒情流行,免费,网易云截图导入；来源序号 178
412,唯一 (Live),茜拉,中文,华语抒情流行,免费,网易云截图导入；来源序号 179
413,洋葱 (Live),茜拉,中文,华语抒情流行,免费,网易云截图导入；来源序号 180
414,想你的夜 (Live),茜拉,中文,华语抒情流行,免费,网易云截图导入；来源序号 181
415,最长的电影,茜拉,中文,影视原声,免费,网易云截图导入；来源序号 182
416,剪爱,张惠妹,中文,华语抒情流行,免费,网易云截图导入；来源序号 183
417,我要快乐,张惠妹,中文,华语抒情流行,免费,网易云截图导入；来源序号 184
418,趁早,张惠妹,中文,华语抒情流行,免费,网易云截图导入；来源序号 185
419,人质,张惠妹,中文,华语抒情流行,免费,网易云截图导入；来源序号 187
420,听海,张惠妹,中文,华语抒情流行,免费,网易云截图导入；来源序号 188
421,舍得 (DJ铁柱版),王唯旖,中文,华语流行,免费,网易云截图导入；来源序号 189
422,鲜花 (Live),回春丹,中文,流行摇滚,免费,网易云截图导入；来源序号 190
423,荷塘月色,凤凰传奇,中文,舞曲 / 流行,免费,网易云截图导入；来源序号 191
424,最炫民族风,凤凰传奇,中文,舞曲 / 流行,免费,网易云截图导入；来源序号 192
425,全是爱,凤凰传奇,中文,舞曲 / 流行,免费,网易云截图导入；来源序号 193
426,奢香夫人,凤凰传奇,中文,舞曲 / 流行,免费,网易云截图导入；来源序号 194
427,许愿,梁咏琪/古巨基,中文,华语抒情流行,免费,网易云截图导入；来源序号 195
428,起风了,冯沁苑(买辣椒也用券),中文,华语流行,免费,网易云截图导入；来源序号 196
429,几分之几,杜宣达,中文,华语流行,免费,网易云截图导入；来源序号 197
430,忘记时间,杜宣达,中文,华语流行,免费,网易云截图导入；来源序号 198
431,指纹,杜宣达,中文,华语流行,免费,网易云截图导入；来源序号 199
432,凉凉 (Live),张碧晨/杨宗纬,中文,华语流行,免费,网易云截图导入；来源序号 200
433,其实都没有,杨宗纬/杨旭/于冬然/范甲君,中文,华语抒情流行,免费,网易云截图导入；来源序号 201
434,空白格 (Live),杨宗纬,中文,华语抒情流行,免费,网易云截图导入；来源序号 202
435,只要有你,黄晓明/刘涛/周杰/古巨基/黄奕/马伊琍,中文,影视原声,免费,网易云截图导入；来源序号 205
436,好想好想,古巨基,中文,影视原声,免费,网易云截图导入；来源序号 206
437,王招君,任素汐,中文,影视原声,免费,网易云截图导入；来源序号 207
438,我要你,任素汐,中文,民谣流行,免费,网易云截图导入；来源序号 208
439,亲爱的你啊,任素汐,中文,影视原声,免费,网易云截图导入；来源序号 210
440,给从前的自己,陈楚生/陆虎,中文,华语流行,免费,网易云截图导入；来源序号 211
441,活该,陈楚生/陆虎/苏醒/王铮亮/王栎鑫/张远,中文,华语流行,免费,网易云截图导入；来源序号 212
442,像你这样的朋友（新春版）,陈楚生/王栎鑫/王铮亮/陆虎/苏醒/张远,中文,华语流行,免费,网易云截图导入；来源序号 213
443,晓得 (Live版),陈楚生/姚晓棠,中文,华语流行,免费,网易云截图导入；来源序号 214
444,写给黄淮,邵帅,中文,华语流行,免费,网易云截图导入；来源序号 215
445,跳楼机,LBI利比,中文,华语流行,免费,网易云截图导入；来源序号 216
446,青城山下白素贞,银临,中文,古风流行,免费,网易云截图导入；来源序号 217
447,眉南边,银临,中文,古风流行,免费,网易云截图导入；来源序号 218
448,锦鲤抄,银临/云之泣,中文,古风流行,免费,网易云截图导入；来源序号 219
449,棠梨煎雪,银临,中文,古风流行,免费,网易云截图导入；来源序号 220
450,牵丝戏,银临/Aki阿杰,中文,古风流行,免费,网易云截图导入；来源序号 221
451,成全,刘若英,中文,影视原声,免费,网易云截图导入；来源序号 222
452,当爱在靠近,刘若英,中文,华语抒情流行,免费,网易云截图导入；来源序号 223
453,女孩,韦礼安,中文,影视原声,免费,网易云截图导入；来源序号 225
454,如果可以,韦礼安,中文,影视原声,免费,网易云截图导入；来源序号 226
455,我在人民广场吃炸鸡,阿肆,中文,独立流行 / 民谣,免费,网易云截图导入；来源序号 227
456,直到你降临,阿肆,中文,独立流行 / 民谣,免费,网易云截图导入；来源序号 228
457,够爱,曾沛慈,中文,华语流行,免费,网易云截图导入；来源序号 229
458,一个人想着一个人,曾沛慈,中文,影视原声,免费,网易云截图导入；来源序号 230
459,爱似水仙,金海心,中文,华语抒情流行,免费,网易云截图导入；来源序号 231
460,我恨明月不照我,阿YueYue,中文,华语流行,免费,网易云截图导入；来源序号 232
461,冬眠,阿YueYue/刘兆宇,中文,华语流行,免费,网易云截图导入；来源序号 233
462,女儿心如水,黄龄,中文,华语流行,免费,网易云截图导入；来源序号 234
463,星河叹,黄龄/关大洲,中文,影视原声,免费,网易云截图导入；来源序号 235
464,终于等到你,张靓颖/李秉成,中文,华语抒情流行,免费,网易云截图导入；来源序号 236
465,孤雏,AGA,中文,舞曲 / 流行,免费,网易云截图导入；来源序号 238
466,我的未来式,郭采洁,中文,华语流行,免费,网易云截图导入；来源序号 239
467,迷途羔羊,张震岳,中文,华语抒情流行,免费,网易云截图导入；来源序号 242
468,思念是一种病,张震岳/蔡健雅,中文,华语抒情流行,免费,网易云截图导入；来源序号 243
469,带我去很远地方,黄霄雲,中文,华语流行,免费,网易云截图导入；来源序号 244
470,梦返,黄霄雲,中文,影视原声,免费,网易云截图导入；来源序号 245
471,定玄,鸣潮先约电台/黄霄雲/杨秉音,中文,华语流行,免费,网易云截图导入；来源序号 246
472,连名带姓 (Live),黄霄雲,中文,华语流行,免费,网易云截图导入；来源序号 247
473,烟火里的尘埃,黄霄雲,中文,华语流行,免费,网易云截图导入；来源序号 248
474,星辰大海,沈雲/黄霄云,中文,华语流行,免费,网易云截图导入；来源序号 249
475,空心 (Live版),黄霄雲/刘端端,中文,华语流行,免费,网易云截图导入；来源序号 250
476,挥着翅膀的女孩,容祖儿,中文/英语,华语抒情流行,免费,网易云截图导入；来源序号 253
477,灯火里的中国 (舒楠监制 官方正式版),张也/周深,中文,华语抒情流行,免费,网易云截图导入；来源序号 254
478,Rubia,周深,英语,游戏原声,免费,网易云截图导入；来源序号 255
479,逆光 (live),陈楚生/周深,中文,华语抒情流行,免费,网易云截图导入；来源序号 256
480,别怕变老,王以太/艾热 AIR,中文,华语流行,免费,网易云截图导入；来源序号 257
481,程艾影,赵雷,中文,独立流行 / 民谣,免费,网易云截图导入；来源序号 258
482,成都,赵雷,中文,独立流行 / 民谣,免费,网易云截图导入；来源序号 259
483,我记得,赵雷,中文,独立流行 / 民谣,免费,网易云截图导入；来源序号 260
484,爱情讯息,郭静,中文,华语抒情流行,免费,网易云截图导入；来源序号 261
485,虫儿飞,贝乐虎儿歌,中文,华语流行,免费,网易云截图导入；来源序号 262
486,恋爱ing,五月天,中文,流行摇滚,免费,网易云截图导入；来源序号 264
487,步步,五月天,中文,影视原声,免费,网易云截图导入；来源序号 265
488,突然好想你,五月天,中文,流行摇滚,免费,网易云截图导入；来源序号 266
489,一半一半,Top Barry/INDEcompany,中文,华语流行,免费,网易云截图导入；来源序号 267
490,NUNA 2.0,队长/叶琼琳,中文,华语流行,免费,网易云截图导入；来源序号 268
491,哪里都是你,队长,中文,华语流行,免费,网易云截图导入；来源序号 269
492,落叶归根,李佳薇,中文,华语流行,免费,网易云截图导入；来源序号 270
493,煎熬,李佳薇,中文,华语流行,免费,网易云截图导入；来源序号 271
494,天后 (live),李佳薇,中文,华语流行,免费,网易云截图导入；来源序号 272
495,我愿意,王菲,中文,影视原声,免费,网易云截图导入；来源序号 273
496,矜持,王菲,中文,华语抒情流行,免费,网易云截图导入；来源序号 274
497,但愿人长久,王菲,中文,华语抒情流行,免费,网易云截图导入；来源序号 275
498,笑忘书,王菲,中文,华语抒情流行,免费,网易云截图导入；来源序号 276
499,因为爱情,陈奕迅/王菲,中文,影视原声,免费,网易云截图导入；来源序号 277
500,无人知晓的我,黄丽玲,中文,华语R&B,免费,网易云截图导入；来源序号 279
501,空空,陈粒,中文,独立流行 / 民谣,免费,网易云截图导入；来源序号 280
502,小手拉大手,梁静茹,中文,华语抒情流行,免费,网易云截图导入；来源序号 281
503,宁夏,梁静茹,中文,华语抒情流行,免费,网易云截图导入；来源序号 282
504,可惜不是你,梁静茹,中文,华语抒情流行,免费,网易云截图导入；来源序号 283
505,给未来的自己,梁静茹,中文,华语抒情流行,免费,网易云截图导入；来源序号 285
506,爱转角,罗志祥,中文,影视原声,免费,网易云截图导入；来源序号 287
507,世界上的另一个我,阿肆/郭采洁,中文,独立流行 / 民谣,免费,网易云截图导入；来源序号 288
508,你给我听好 (Live),张碧晨,中文,华语流行,免费,网易云截图导入；来源序号 290
509,下一秒,张碧晨,中文,影视原声,免费,网易云截图导入；来源序号 291
510,笼,张碧晨,中文,影视原声,免费,网易云截图导入；来源序号 293
511,年轮,张碧晨,中文,影视原声,免费,网易云截图导入；来源序号 295
512,凄美地,郭顶,中文,华语流行,免费,网易云截图导入；来源序号 296
513,水星记,郭顶,中文,华语流行,免费,网易云截图导入；来源序号 297
514,阿刁 (Live),张韶涵,中文,华语流行,免费,网易云截图导入；来源序号 301
515,篇章,张韶涵/王赫野,中文,华语流行,免费,网易云截图导入；来源序号 302
516,有形的翅膀,张韶涵,中文,华语流行,免费,网易云截图导入；来源序号 303
517,淋雨一直走,张韶涵,中文,华语流行,免费,网易云截图导入；来源序号 304
518,血腥爱情故事 (Live),林忆莲,中文,华语抒情流行,免费,网易云截图导入；来源序号 306
519,崇拜 (live),林忆莲,中文,华语抒情流行,免费,网易云截图导入；来源序号 307
520,归零,林忆莲,中文,华语抒情流行,免费,网易云截图导入；来源序号 308
521,伤痕,林忆莲,中文,华语抒情流行,免费,网易云截图导入；来源序号 309
522,至少还有你,林忆莲,中文,影视原声,免费,网易云截图导入；来源序号 312
523,几分之几 (You Complete Me),卢广仲,中文,影视原声,免费,网易云截图导入；来源序号 313
524,刻在我心底的名字,卢广仲,中文,影视原声,免费,网易云截图导入；来源序号 314
525,好想爱这个世界啊 (Live),华晨宇,中文,华语流行,免费,网易云截图导入；来源序号 315
526,烟火里的尘埃,华晨宇,中文,华语流行,免费,网易云截图导入；来源序号 317
527,IF YOU,BIGBANG,韩语,韩语流行,免费,网易云截图导入；来源序号 318
528,唯一,王力宏,中文,华语R&B,免费,网易云截图导入；来源序号 319
529,就让这大雨全都落下,容祖儿,中文,华语抒情流行,免费,网易云截图导入；来源序号 321
530,身骑白马 (Live),周深,中文,华语抒情流行,免费,网易云截图导入；来源序号 322
531,兰亭序 (Live),周深,中文,古风流行,免费,网易云截图导入；来源序号 323
532,人是_,周深,中文,影视原声,免费,网易云截图导入；来源序号 324
533,漂洋过海来看你,周深,中文,华语抒情流行,免费,网易云截图导入；来源序号 325
534,爱的双重魔力,By2,中文,影视原声,免费,网易云截图导入；来源序号 328
535,爱丫爱丫,By2,中文,舞曲 / 流行,免费,网易云截图导入；来源序号 329
536,我知道,By2,中文,影视原声,免费,网易云截图导入；来源序号 330
537,倒带,蔡依林,中文,影视原声,免费,网易云截图导入；来源序号 333
538,给电影人的情书 (Live),单依纯,中文,影视原声,免费,网易云截图导入；来源序号 334
539,永不失联的爱 (Live),单依纯,中文,华语抒情流行,免费,网易云截图导入；来源序号 335
540,珠玉,单依纯,中文,华语抒情流行,免费,网易云截图导入；来源序号 336
541,想你时风起,单依纯,中文,影视原声,免费,网易云截图导入；来源序号 337
542,下一个天亮,郭静,中文,华语抒情流行,免费,网易云截图导入；来源序号 339
543,Love Story,Taylor Swift,英语,英文流行,免费,网易云截图导入；来源序号 340
544,日落大道,梁博,中文,流行摇滚,免费,网易云截图导入；来源序号 341
545,男孩 (Live),梁博,中文,流行摇滚,免费,网易云截图导入；来源序号 342
546,曾经是情侣 (Live),梁博,中文,流行摇滚,免费,网易云截图导入；来源序号 343
547,出现又离开 (Live),梁博,中文,流行摇滚,免费,网易云截图导入；来源序号 344
548,云中的Angel,张杰,中文,华语流行,免费,网易云截图导入；来源序号 345
549,秋天的童话,张杰,中文,华语流行,免费,网易云截图导入；来源序号 347
550,仰望星空,张杰,中文,华语流行,免费,网易云截图导入；来源序号 348
551,下一段旅程,杨和苏KeyNG/张杰,中文,华语流行,免费,网易云截图导入；来源序号 349
552,量身订做,张杰,中文,华语流行,免费,网易云截图导入；来源序号 350
553,着魔,张杰,中文,影视原声,免费,网易云截图导入；来源序号 356
554,天下,张杰,中文,华语流行,免费,网易云截图导入；来源序号 357
555,一荤一素,毛不易,中文,华语流行,免费,网易云截图导入；来源序号 360
556,不染,毛不易,中文,影视原声,免费,网易云截图导入；来源序号 361
557,忘记拥抱,黄丽玲,中文,影视原声,免费,网易云截图导入；来源序号 362
558,好朋友的祝福,黄丽玲,中文,华语R&B,免费,网易云截图导入；来源序号 363
559,挚友,黄丽玲,中文,华语R&B,免费,网易云截图导入；来源序号 364
560,失恋无罪,黄丽玲,中文,华语R&B,免费,网易云截图导入；来源序号 365
561,有一种悲伤,黄丽玲,中文,影视原声,免费,网易云截图导入；来源序号 367
562,天若有情,黄丽玲,中文,影视原声,免费,网易云截图导入；来源序号 368
563,海屿你,马也_Crabbit,中文,华语流行,免费,网易云截图导入；来源序号 369
564,尽管如此，还是,阿肆/徐佳莹,中文,独立流行 / 民谣,免费,网易云截图导入；来源序号 370
565,我好想你,徐佳莹,中文,华语流行,免费,网易云截图导入；来源序号 371
566,言不由衷,徐佳莹,中文,华语流行,免费,网易云截图导入；来源序号 372
567,行走的鱼,徐佳莹,中文,华语流行,免费,网易云截图导入；来源序号 373
568,如果可以 (Live版),汪苏泷/徐佳莹,中文,华语流行,免费,网易云截图导入；来源序号 374
569,最初的记忆,徐佳莹,中文,影视原声,免费,网易云截图导入；来源序号 376
570,到此为止,徐佳莹,中文,华语流行,免费,网易云截图导入；来源序号 377
571,失落沙洲,徐佳莹,中文,华语流行,免费,网易云截图导入；来源序号 378
572,一样的月光,徐佳莹,中文,华语流行,免费,网易云截图导入；来源序号 379
573,匿名的好友,杨丞琳,中文,影视原声,免费,网易云截图导入；来源序号 382
574,分手快乐,梁静茹,中文,华语抒情流行,免费,网易云截图导入；来源序号 385
575,温柔,五月天,中文,流行摇滚,免费,网易云截图导入；来源序号 388
576,倔强,五月天,中文,流行摇滚,免费,网易云截图导入；来源序号 389
577,我不愿让你一个人,五月天,中文,流行摇滚,免费,网易云截图导入；来源序号 391
578,后来的我们,五月天,中文,流行摇滚,免费,网易云截图导入；来源序号 392
579,十万毫升泪水,蔡健雅,中文,华语抒情流行,免费,网易云截图导入；来源序号 393
580,Beautiful Love,蔡健雅,中文,影视原声,免费,网易云截图导入；来源序号 394
581,别找我麻烦,蔡健雅,中文,华语抒情流行,免费,网易云截图导入；来源序号 395
582,被驯服的象,蔡健雅,中文,华语抒情流行,免费,网易云截图导入；来源序号 396
583,达尔文,蔡健雅,中文,华语抒情流行,免费,网易云截图导入；来源序号 398
584,越来越不懂,蔡健雅,中文,华语抒情流行,免费,网易云截图导入；来源序号 399
585,清风徐来,王菲,中文,影视原声,免费,网易云截图导入；来源序号 402
586,归途有风,王菲,中文,影视原声,免费,网易云截图导入；来源序号 403
587,给自己的情书,王菲,中文,华语抒情流行,免费,网易云截图导入；来源序号 404
588,你在终点等我,王菲,中文,影视原声,免费,网易云截图导入；来源序号 405
589,百年孤寂,王菲,中文,华语抒情流行,免费,网易云截图导入；来源序号 406
590,世界赠予我的,王菲,中文,华语抒情流行,免费,网易云截图导入；来源序号 409
591,今天你要嫁给我,蔡依林/陶喆,中文,华语R&B,免费,网易云截图导入；来源序号 418
592,蝴蝶,陶喆,中文,华语R&B,免费,网易云截图导入；来源序号 422
593,爱我还是他,陶喆,中文,华语R&B,免费,网易云截图导入；来源序号 425
594,外面的世界,莫文蔚,中文,华语抒情流行,免费,网易云截图导入；来源序号 426
595,慢慢喜欢你,莫文蔚,中文,华语抒情流行,免费,网易云截图导入；来源序号 428
596,阴天,莫文蔚,中文,华语抒情流行,免费,网易云截图导入；来源序号 431
597,特别的人,方大同,中文,华语R&B,免费,网易云截图导入；来源序号 432
598,燕归巢,许嵩,中文,华语抒情流行,免费,网易云截图导入；来源序号 433
599,庐州月,许嵩,中文,华语抒情流行,免费,网易云截图导入；来源序号 434
600,清明雨上,许嵩,中文,华语抒情流行,免费,网易云截图导入；来源序号 435
601,玫瑰花的葬礼,许嵩,中文,华语抒情流行,免费,网易云截图导入；来源序号 436
602,有何不可,许嵩,中文,华语抒情流行,免费,网易云截图导入；来源序号 437
603,如果当时,许嵩,中文,华语抒情流行,免费,网易云截图导入；来源序号 438
604,天龙八部之宿敌,许嵩,中文,影视原声,免费,网易云截图导入；来源序号 439
605,幻听,许嵩,中文,华语抒情流行,免费,网易云截图导入；来源序号 440
606,素颜,许嵩/何曼婷,中文,华语抒情流行,免费,网易云截图导入；来源序号 441
607,你把我灌醉,G.E.M.邓紫棋,中文,华语R&B,免费,网易云截图导入；来源序号 443
608,后会无期,G.E.M.邓紫棋,中文,华语R&B,免费,网易云截图导入；来源序号 444
609,你不是真正的快乐,G.E.M.邓紫棋,中文,华语R&B,免费,网易云截图导入；来源序号 445
610,天空没有极限,G.E.M.邓紫棋,中文,华语R&B,免费,网易云截图导入；来源序号 447
611,龙卷风 (Live),G.E.M.邓紫棋,中文,华语R&B,免费,网易云截图导入；来源序号 449
612,桃花诺,G.E.M.邓紫棋,中文,影视原声,免费,网易云截图导入；来源序号 450
613,喜欢你,G.E.M.邓紫棋,中文,华语R&B,免费,网易云截图导入；来源序号 452
614,多远都要在一起,G.E.M.邓紫棋,中文,华语R&B,免费,网易云截图导入；来源序号 456
615,唯一,G.E.M.邓紫棋,中文,华语R&B,免费,网易云截图导入；来源序号 457
616,孤单心事,颜人中,中文,华语流行,免费,网易云截图导入；来源序号 465
617,夏夜最后的烟火,颜人中,中文,华语流行,免费,网易云截图导入；来源序号 466
618,晚安,颜人中,中文,华语流行,免费,网易云截图导入；来源序号 467
619,嗜好,颜人中,中文,华语流行,免费,网易云截图导入；来源序号 468
620,等我回家,薛之谦,中文,华语抒情流行,免费,网易云截图导入；来源序号 469
621,绅士,薛之谦,中文,影视原声,免费,网易云截图导入；来源序号 472
622,刚刚好,薛之谦,中文,影视原声,免费,网易云截图导入；来源序号 473
623,下雨了,薛之谦,中文,华语抒情流行,免费,网易云截图导入；来源序号 474
624,你还要我怎样,薛之谦,中文,华语抒情流行,免费,网易云截图导入；来源序号 475
625,我好像在哪见过你,薛之谦,中文,影视原声,免费,网易云截图导入；来源序号 476
626,像风一样,薛之谦,中文,影视原声,免费,网易云截图导入；来源序号 477
627,暧昧,薛之谦,中文,华语抒情流行,免费,网易云截图导入；来源序号 479
628,孤勇者,陈奕迅,中文,影视原声,免费,网易云截图导入；来源序号 487
629,第几个100天,林俊杰,中文,华语R&B,免费,网易云截图导入；来源序号 495
630,记得,林俊杰,中文,华语R&B,免费,网易云截图导入；来源序号 497
631,小酒窝,林俊杰,中文,华语R&B,免费,网易云截图导入；来源序号 500
632,冻结,林俊杰,中文,华语R&B,免费,网易云截图导入；来源序号 501
633,爱不会绝迹,林俊杰,中文,华语R&B,免费,网易云截图导入；来源序号 502
634,爱笑的眼睛,林俊杰,中文,华语R&B,免费,网易云截图导入；来源序号 503
635,我还想她,林俊杰,中文,华语R&B,免费,网易云截图导入；来源序号 511
636,心墙,林俊杰,中文,华语R&B,免费,网易云截图导入；来源序号 512
637,修炼爱情,林俊杰,中文,华语R&B,免费,网易云截图导入；来源序号 513
638,愿与愁,林俊杰,中文,华语R&B,免费,网易云截图导入；来源序号 516
639,Always Online,林俊杰,中文/英语,华语R&B,免费,网易云截图导入；来源序号 519
